song    ,band    ,album
Whip (feat. Travis Scott),2 Chainz,Rap Or Go To The League
Hit 'Em Up - Single Version,2Pac,2Pac Greatest Hits (Explicit Version)
Pluto,2 Skinnee J's,Supermercado
Baby Blue (feat. Chance the Rapper),Action Bronson,Mr. Wonderful
Satan Is My Motor,CAKE,Prolonging the Magic
Nicotine & Gravy,Beck,Midnite Vultures
Start Choppin',Dinosaur Jr.,Where You Been
One Angry Dwarf and 200 Solemn Faces,Ben Folds Five,Whatever And Ever Amen (Remastered Edition)
Following Through,Dismemberment Plan,Change
Devils Haircut,Beck,Odelay
Leave Me Be,Baboon,Something Good is Going to Happen to You
You Are,Built To Spill,Ancient Melodies of the Future
Never There,CAKE,Prolonging the Magic
Down By The Water,The Decemberists,The King Is Dead
Bra,Dismemberment Plan,The Dismemberment Plan Is Terrified
Tonight We Mean It,Dismemberment Plan,The Dismemberment Plan Is Terrified
Circles,Baboon,Baboon
September,"Earth, Wind & Fire",September
Can't Be Wrong,Baboon,Baboon
Bonfire,Childish Gambino,Camp
Randy Described Eternity,Built To Spill,Perfect from Now On
I Will Possess Your Heart,Death Cab for Cutie,Narrow Stairs
On the Way,Built To Spill,Untethered Moon
Jesus Christ,Brand New,The Devil And God Are Raging Inside Me
St. Augustine (A Belly Full of Swans),Califone,Roomsound (Deluxe Reissue)
Saturday,Baboon,Baboon
The Great Salt Lake,Band of Horses,Everything All The Time
A Man Like Me,Beulah,Yoko
Light of the Lightning Strike,Baboon,Baboon
Chum,Earl Sweatshirt,Doris
Ghostride,Crumb,Ghostride
Pray for Rain,The Ergs!,Dork Rock Cork Rod
Get Me,Dinosaur Jr.,Where You Been
Things Fall Apart,Built To Spill,There Is No Enemy
Testify,Common,Be
Helicopter,Deerhunter,Halcyon Digest
Trouble Hunters,Astronautalis,Pomegranate
Evaporated,Ben Folds Five,Whatever And Ever Amen (Remastered Edition)
You Won't Know,Brand New,The Devil And God Are Raging Inside Me
Start a Riot,Duckwrth,Spider-Man: Into the Spider-Verse (Soundtrack From & Inspired by the Motion Picture)
BLACKJACK,Aminé,ONEPOINTFIVE
Girl O' Clock,Dismemberment Plan,Emergency & I
Kicked It in the Sun,Built To Spill,Perfect from Now On
Hive (feat. Vince Staples & Casey Veggies),Earl Sweatshirt,Doris
The Host,Built To Spill,Ancient Melodies of the Future
Forever,Drake,More Than A Game
"Hold On, We're Going Home",Drake,Nothing Was The Same (Deluxe)
Who Was In My Room Last Night?,Butthole Surfers,Independent Worm Saloon
God's Plan,Drake,Scorpion
The Perfect Crime #2,The Decemberists,The Crane Wife (10th Anniversary Edition)
Mistral,The Decemberists,"What A Terrible World, What A Beautiful World"
Silver & Gold,Califone,Roomsound (Deluxe Reissue)
Burned By the Sun,Beulah,The Coast Is Never Clear
Soul Meets Body,Death Cab for Cutie,Plans
So What'Cha Want,Beastie Boys,Solid Gold Hits
Starwatcher,The Decemberists,I'll Be Your Girl
Millstone,Brand New,The Devil And God Are Raging Inside Me
Walking On A Dream,Empire of the Sun,Walking On A Dream (10th Anniversary Edition)
One,Califone,Quicksand/Cradlesnakes
Silvermine Pictures,Califone,Sometimes Good Weather Follows Bad People (Expanded)
Lake Song,The Decemberists,"What A Terrible World, What A Beautiful World"
The Plan,Built To Spill,Keep It like a Secret
Story Of An Artist,Daniel Johnston,Welcome To My World
Kurt Cobain,Astronautalis,Cut the Body Loose
Back To Back,Drake,Back To Back
"Rusalka, Rusalka / Wild Rushes",The Decemberists,I'll Be Your Girl
Anti-Summersong,The Decemberists,"What A Terrible World, What A Beautiful World"
Made-Up Dreams,Built To Spill,Perfect from Now On
Archers,Brand New,The Devil And God Are Raging Inside Me
Bottles and Bones (Shades and Sympathy),Califone,Roomsound (Deluxe Reissue)
The High Road,Broken Bells,Broken Bells
Started From the Bottom,Drake,Nothing Was The Same (Deluxe)
Breaking Glass,Baboon,Baboon
The Crane Wife 1 & 2,The Decemberists,The Crane Wife (10th Anniversary Edition)
Make You Better,The Decemberists,"What A Terrible World, What A Beautiful World"
Temporarily Blind,Built To Spill,Keep It like a Secret
Into the Sea,Baboon,Baboon
"It's Alright, Ma (I'm Only Bleeding)",Bob Dylan,Bringing It All Back Home
Good Ol' Boredom,Built To Spill,There Is No Enemy
Kate,Ben Folds Five,Whatever And Ever Amen (Remastered Edition)
Some Other Song,Built To Spill,Untethered Moon
65th & Ingleside,Chance the Rapper,65th & Ingleside
Imitosis,Andrew Bird,Armchair Apocrypha
Sowing Season (Yeah),Brand New,The Devil And God Are Raging Inside Me
So,Built To Spill,Untethered Moon
Ellen and Ben,Dismemberment Plan,Change
Jungle Sometimes (feat. My Son Jeru Salaam),Chali 2na,Manphibian Music - Against the Current EP.2
Smoke,Ben Folds Five,Whatever And Ever Amen (Remastered Edition)
Degausser,Brand New,The Devil And God Are Raging Inside Me
Change (In the House of Flies),Deftones,White Pony
Systematic,DJ Shadow,Silicon Valley (Music From The HBO Original Series)
Rock 'n' Roll Lifestyle,CAKE,Motorcade of Generosity
Look Alive (feat. Drake),BlocBoy JB,Look Alive (feat. Drake)
Center of the Universe,Built To Spill,Keep It like a Secret
Michigan Girls,Califone,Quicksand/Cradlesnakes
Hindsight,Built To Spill,There Is No Enemy
Brick,Ben Folds Five,Whatever And Ever Amen (Remastered Edition)
012 Seconds,Baboon,We Sing and Play
"Maintain (feat. Akil the MC, Laid Law & Jack Spade)",Chali 2na,Manphibian Music - Against the Current EP.2
Evil,Baboon,Something Good is Going to Happen to You
Manphibious Intro,Chali 2na,Manphibian Music - Against the Current EP.2
That's When The Party Started,Dismemberment Plan,The Dismemberment Plan Is Terrified
Building Steam With A Grain Of Salt,DJ Shadow,Endtroducing.....
The Weather,Built To Spill,Ancient Melodies of the Future
Trimmed and Burning,Built To Spill,Ancient Melodies of the Future
Too Handsome to Die,Baboon,Something Good is Going to Happen to You
I Will Survive,CAKE,Fashion Nugget
Crooked Teeth,Death Cab for Cutie,Plans
"Easy Come, Easy Go",The Decemberists,"What A Terrible World, What A Beautiful World"
Sure Shot - Remastered 2009,Beastie Boys,Ill Communication (Deluxe Edition/Remastered)
Philomena,The Decemberists,"What A Terrible World, What A Beautiful World"
Broken Chairs,Built To Spill,Keep It like a Secret
Velvet Waltz,Built To Spill,Perfect from Now On
Out of Site,Built To Spill,Perfect from Now On
Superpowers,Dismemberment Plan,Change
C.R.E.B.,Built To Spill,Untethered Moon
Sheep Go To Heaven,CAKE,Prolonging the Magic
Arms Around the World,Baboon,Baboon
Whatever's Cool With Me,Dinosaur Jr.,Whatever's Cool With Me
Done,Built To Spill,There Is No Enemy
F the NRA,The Coathangers,The Devil You Know
Respect Is Due,Dismemberment Plan,The Dismemberment Plan Is Terrified
This Is Our Science (feat. Isaiah Toothtaker & P.O.S.),Astronautalis,This Is Our Science
The Bachelor and the Bride,The Decemberists,Her Majesty The Decemberists
Gyroscope,Dismemberment Plan,Emergency & I
Porno Starlet Vs. Rodeo Clown,Califone,Roomsound (Deluxe Reissue)
Manipulate Me,Dismemberment Plan,The Dismemberment Plan Is Terrified
Cluck Old Hen,Califone,Roomsound (Deluxe Reissue)
Army,Ben Folds Five,The Unauthorized Biography Of Reinhold Messner
Airplane,Baboon,Baboon
Song for the Dumped,Ben Folds Five,Whatever And Ever Amen (Remastered Edition)
Tripping Along,The Decemberists,I'll Be Your Girl
Everything Is Awful,The Decemberists,I'll Be Your Girl
Sucker's Prayer,The Decemberists,I'll Be Your Girl
The Face of the Earth,Dismemberment Plan,Change
You Are Invited,Dismemberment Plan,Emergency & I
Emaline,Ben Folds Five,Naked Baby Photos
Alice Childress,Ben Folds Five,Ben Folds Five
Song For The Dumped - Japanese Version,Ben Folds Five,Whatever And Ever Amen (Remastered Edition)
La femme d'argent,Air,Moon Safari
The Other Side,Dismemberment Plan,Change
Spider in the Snow,Dismemberment Plan,Emergency & I
Dracula Eyes,Baboon,Baboon
Quicksand,Dinosaur Jr.,Whatever's Cool With Me
Heartbeat,Childish Gambino,Camp
A Life of Possibilities,Dismemberment Plan,Emergency & I
One Armed Scissor,At the Drive-In,Relationship of Command
Till The Water’s All Long Gone,The Decemberists,"What A Terrible World, What A Beautiful World"
Academy Award,Dismemberment Plan,The Dismemberment Plan Is Terrified
King of the Damned Laser Gag,Baboon,Something Good is Going to Happen to You
A Good Man Is Easy To Kill,Beulah,The Coast Is Never Clear
Carry the Zero,Built To Spill,Keep It like a Secret
Dime Fangs,Califone,Sometimes Good Weather Follows Bad People (Expanded)
Aisle 13,Built To Spill,There Is No Enemy
I Might Need Security,Chance the Rapper,I Might Need Security
Stanza VIII,Califone,Roomsound (Deluxe Reissue)
Million Dollar Funeral,Califone,Quicksand/Cradlesnakes
Leslie Anne Levine,The Decemberists,Castaways and Cutouts
Nice For What,Drake,Scorpion
Pat,Built To Spill,There Is No Enemy
3030,Deltron 3030,Deltron 3030
Severed,The Decemberists,I'll Be Your Girl
Better Not Wake The Baby,The Decemberists,"What A Terrible World, What A Beautiful World"
Megladon,Chali 2na,Manphibian Music - Against the Current EP.2
Time Bomb,Dismemberment Plan,Change
Life's a Dream,Built To Spill,There Is No Enemy
Time Trap,Built To Spill,Keep It like a Secret
Never Be the Same,Built To Spill,Untethered Moon
Lushlife,Baboon,We Sing and Play
What a Fool Believes,The Doobie Brothers,Minute by Minute
Culling Of The Fold,The Decemberists,The Crane Wife (10th Anniversary Edition)
Stand Up,Chali 2na,Manphibian Music - Against the Current EP.2
Tomorrow,Built To Spill,There Is No Enemy
It's So You,Dismemberment Plan,The Dismemberment Plan Is Terrified
a lot,21 Savage,i am > i was
Cutting Stone,The Decemberists,I'll Be Your Girl
Drunk Drivers/Killer Whales,Car Seat Headrest,Teens of Denial
8 1/2 Minutes,Dismemberment Plan,Emergency & I
The City,Dismemberment Plan,Emergency & I
Back and Forth,Dismemberment Plan,Emergency & I
Planting Seeds,Built To Spill,There Is No Enemy
Vampiring Again,Califone,Quicksand/Cradlesnakes
This Is The Life,Dismemberment Plan,The Dismemberment Plan Is Terrified
Your Golden Ass,Califone,Quicksand/Cradlesnakes
Automatic,Dismemberment Plan,Change
The Story I Heard,Blind Pilot,3 Rounds and a Sound
3005,Childish Gambino,Because the Internet
"Goodnight, Good-bye",Baboon,Something Good is Going to Happen to You
I Love A Magician,Dismemberment Plan,Emergency & I
Don't Forget to Breathe,Beulah,Yoko
Sidewalk,Built To Spill,Keep It like a Secret
moonbath.brainsalt.a.holy.fool,Califone,Stitches
Don't Carry It All,The Decemberists,The King Is Dead
"Sugar, We're Goin Down",Fall Out Boy,From Under The Cork Tree
What Do You Want Me to Say?,Dismemberment Plan,Emergency & I
Come Home,Dismemberment Plan,Change
The Jitters,Dismemberment Plan,Emergency & I
Once In My Life,The Decemberists,I'll Be Your Girl
In Your Mind,Built To Spill,Ancient Melodies of the Future
We All Die Young,The Decemberists,I'll Be Your Girl
The Singer Addresses His Audience,The Decemberists,"What A Terrible World, What A Beautiful World"
The Ice Of Boston,Dismemberment Plan,The Dismemberment Plan Is Terrified
In My Feelings,Drake,Scorpion
I Would Hurt a Fly,Built To Spill,Perfect from Now On
Do You Realize??,The Flaming Lips,Yoshimi Battles the Pink Robots
No Avocados in the Ghetto,Dekunle,No Avocados in the Ghetto
Hello Resolven,Beulah,The Coast Is Never Clear
Don't Try,Built To Spill,Ancient Melodies of the Future
Nobody Speak,DJ Shadow,The Mountain Will Fall
Vampirate,Baboon,Something Good is Going to Happen to You
Feel the Pain,Dinosaur Jr.,Without a Sound
I Was Meant For the Stage,The Decemberists,Her Majesty The Decemberists
Strange,Built To Spill,Ancient Melodies of the Future
The Funeral,Band of Horses,Everything All The Time
Is There A Ghost,Band of Horses,Cease To Begin
Locket,Crumb,Locket
Cuban Woman (feat. Ozomatli & Garfield),Chali 2na,Manphibian Music - Against the Current EP.2
Cavalry Captain,The Decemberists,"What A Terrible World, What A Beautiful World"
Carolina Low,The Decemberists,"What A Terrible World, What A Beautiful World"
Midnight In A Perfect World,DJ Shadow,Endtroducing.....
A Cautionary Song,The Decemberists,Castaways and Cutouts
Closer,Baboon,We Sing and Play
Fly Around My Pretty Little Miss,Built To Spill,Ancient Melodies of the Future
A Long December,Counting Crows,Recovering The Satellites
12/17/12,The Decemberists,"What A Terrible World, What A Beautiful World"
Road 2 Success,Chali 2na,Road 2 Success
Steven's Last Night in Town,Ben Folds Five,Whatever And Ever Amen (Remastered Edition)
Punk Rock Girl,The Dead Milkmen,Beelzebubba
Nugget,CAKE,Fashion Nugget
Memory Machine,Dismemberment Plan,Emergency & I
Stop the Show,Built To Spill,Perfect from Now On
1515 Washington,Astronautalis,Cut the Body Loose
Philosophy,Ben Folds Five,Ben Folds Five
The Wondersmith and His Sons,Astronautalis,Pomegranate
She Don't Use Jelly,The Flaming Lips,Transmissions From the Satellite Heart
Mixed Bizness,Beck,Midnite Vultures
Happiness,Built To Spill,Ancient Melodies of the Future
Cat Eats Coyote,Califone,Quicksand/Cradlesnakes
Frank Sinatra,CAKE,Fashion Nugget
Secret Curse,Dismemberment Plan,Change
Alright,Baboon,Something Good is Going to Happen to You
Your Ghost,The Decemberists,I'll Be Your Girl
I'll Be Your Girl,The Decemberists,I'll Be Your Girl
Else,Built To Spill,Keep It like a Secret
Untrustable (Pt. 2) [About Someone Else],Built To Spill,Perfect from Now On
Beneath the Yachtsman,Califone,Sometimes Good Weather Follows Bad People (Expanded)
Root Down - Remastered 2009,Beastie Boys,Ill Communication (Deluxe Edition/Remastered)
Method Acting,Bright Eyes,"LIFTED or The Story Is in the Soil, Keep Your Ear to the Ground (Remastered)"
Tessellate,alt-J,An Awesome Wave
Sexx Laws,Beck,Midnite Vultures
Fill in the Blank,Car Seat Headrest,Teens of Denial
When I'm Blind,Built To Spill,Untethered Moon
West Coast,Coconut Records,Nighttiming
Thirteen,Elliott Smith,New Moon
I. The Worst Guys,Childish Gambino,Because the Internet
Crash,Baboon,Something Good is Going to Happen to You
Oh Yeah,Built To Spill,There Is No Enemy
You Were Right,Built To Spill,Keep It like a Secret
Living Zoo,Built To Spill,Untethered Moon
Thumb,Dinosaur Jr.,Green Mind
Son,Baboon,Something Good is Going to Happen to You
One Too Many Blows To The Head,Dismemberment Plan,The Dismemberment Plan Is Terrified
Redbone,Childish Gambino,"""Awaken, My Love!"""
Sentimental Man,Dismemberment Plan,Change
Nowhere Lullaby,Built To Spill,There Is No Enemy
To Hush a Sick Transmission,Califone,Sometimes Good Weather Follows Bad People (Expanded)
Hey Ladies,Beastie Boys,Solid Gold Hits
All Our Songs,Built To Spill,Untethered Moon
"Dance, Dance",Fall Out Boy,From Under The Cork Tree
Video Killed the Radio Star,Ben Folds Five,Whatever And Ever Amen (Remastered Edition)
Hook,Blues Traveler,Travelogue: Blues Traveler Classics
The Mariner's Revenge Song,The Decemberists,Picaresque
Sons & Daughters,The Decemberists,The Crane Wife (10th Anniversary Edition)
Race For The Prize,The Flaming Lips,The Soft Bulletin
O Valencia!,The Decemberists,The Crane Wife (10th Anniversary Edition)
"III. Telegraph Ave. (""Oakland"" by Lloyd)",Childish Gambino,Because the Internet
16 Military Wives,The Decemberists,Picaresque
Where'd All the Time Go?,Dr. Dog,"Shame, Shame (Deluxe Edition)"
Pay for the Piano,Dismemberment Plan,Change
Battle of Who Could Care Less,Ben Folds Five,Whatever And Ever Amen (Remastered Edition)
Rise,Baboon,We Sing and Play
The Island: Come And See/The Landlord's Daughter/You'll Not Feel The Drowning - Medley,The Decemberists,The Crane Wife (10th Anniversary Edition)
Don't Let Me Die Nervous,Califone,Sometimes Good Weather Follows Bad People (Expanded)
Novocaine For The Soul,Eels,Meet The EELS: Essential EELS 1996-2006 Vol. 1
Carry Go Bring Come (feat. Delly Ranx),Chali 2na,Manphibian Music - Against the Current EP.2
Here I Dreamt I Was an Architect,The Decemberists,Castaways and Cutouts
Stitches,Califone,Stitches
Underground,Ben Folds Five,Ben Folds Five
III. Urn,Childish Gambino,Because the Internet
Alarmed,Built To Spill,Ancient Melodies of the Future
Bad Light,Built To Spill,Keep It like a Secret
Do The Standing Still,Dismemberment Plan,The Dismemberment Plan Is Terrified
The Wrong Year,The Decemberists,"What A Terrible World, What A Beautiful World"
The Wagon,Dinosaur Jr.,Green Mind
Grace Cathedral Hill,The Decemberists,Castaways and Cutouts
A Beginning Song,The Decemberists,"What A Terrible World, What A Beautiful World"
IV. Sweatpants,Childish Gambino,Because the Internet
Sugar Boats,Modest Mouse,Strangers to Ourselves
Weak Warm,Hot Rod Circuit,If I Knew What I Knew Then
Jesus Christ Was an Only Child,Modest Mouse,The Lonesome Crowded West
Beach Side Property,Modest Mouse,This Is a Long Drive for Someone with Nothing to Think About
Drive,Incubus,Make Yourself
The View,Modest Mouse,Good News For People Who Love Bad News
I'm Not Okay (I Promise),My Chemical Romance,Three Cheers for Sweet Revenge
Fear Boner,Jon Lajoie,The League (Music from the Original TV Series)
Claire,Matt Pond PA,Emblems
Bound For The Floor,Local H,Best Of Local H – The Island Years
Super Bowl Sundae,Ozomatli,Ozomatli
Fife and Drum March of Johns the Dooms,Funland,The Funland Band
Impala,Funland,The Funland Band
"If You Don't, Don't",Jimmy Eat World,Bleed American (Deluxe Edition)
Baby's Got Sauce,G. Love & Special Sauce,G. Love And Special Sauce
Barrier Reef,Old 97's,Too Far To Care
Get Miles,Gomez,5 Album Set (Bring It On/Liquid Skin/In Our Gun/Split the Difference/Five Men in a Hut)
Life Like Weeds,Modest Mouse,The Moon & Antarctica
3rd Planet,Modest Mouse,The Moon & Antarctica
Freeee (Ghost Town Pt. 2),KIDS SEE GHOSTS,KIDS SEE GHOSTS
Real Love / It's Only Life,Mike Doughty,Skittish / Rockity Roll
Libertad,Ozomatli,Libertad
Good Money,Move.meant,The Good Money EP
Lily Two,Matt Pond PA,Emblems
Of Course We Know,Modest Mouse,Strangers to Ourselves
Angry Girl,Funland,The Funland Band
Bury Me With It,Modest Mouse,Good News For People Who Love Bad News
Shitty Weather,Funland,The Funland Band
Strangers to Ourselves,Modest Mouse,Strangers to Ourselves
A Different City,Modest Mouse,The Moon & Antarctica
History Of A Boring Town,Less Than Jake,Hello Rockview
Parallel Lines,Funland,The Funland Band
Turn The Light,Karen O,Lux Prima
Action & Action,The Get Up Kids,Something to Write Home About (Deluxe Edition)
Stars,Hum,You'd Prefer An Astronaut
KC,Matt Pond PA,Emblems
Closest (Look Out),Matt Pond PA,Emblems
Head in Hands on the Floor,Funland,The Funland Band
Heart Cooks Brain,Modest Mouse,The Lonesome Crowded West
Superman,Goldfinger,The Best Of Goldfinger
Get Myself Arrested,Gomez,5 Album Set (Bring It On/Liquid Skin/In Our Gun/Split the Difference/Five Men in a Hut)
Laisse tomber les filles,France Gall,Best Of
The Butcher,Matt Pond PA,Emblems
If I Only Had A Brain,MC 900 Ft. Jesus,One Step Ahead Of The Spider
Shit in Your Cut,Modest Mouse,Strangers to Ourselves
Vaginal Hubris,Jon Lajoie,The League (Music from the Original TV Series)
Ohio,Modest Mouse,This Is a Long Drive for Someone with Nothing to Think About
One Mic,Nas,Stillmatic
Steam Engenius,Modest Mouse,We Were Dead Before The Ship Even Sank
Birthday Song,Jon Lajoie,The League (Music from the Original TV Series)
Sparkloser,Funland,The Funland Band
Falling Slowly,Glen Hansard,Music From The Motion Picture Once
Feedback,Funland,The Funland Band
Make Everyone Happy/Mechanical Birds,Modest Mouse,This Is a Long Drive for Someone with Nothing to Think About
Bloodbuzz Ohio,The National,High Violet (Expanded Edition)
Broken Beak,Horse Feathers,Appreciation
Satin In A Coffin,Modest Mouse,Good News For People Who Love Bad News
Outta My Head,Harry Mack,Contents Under Pressure
Dog Paddle,Modest Mouse,This Is a Long Drive for Someone with Nothing to Think About
Might,Modest Mouse,This Is a Long Drive for Someone with Nothing to Think About
Florida,Modest Mouse,We Were Dead Before The Ship Even Sank
Bankrupt on Selling,Modest Mouse,The Lonesome Crowded West
Sleepwalkin',Modest Mouse,Building Nothing out of Something
The World At Large,Modest Mouse,Good News For People Who Love Bad News
Magnetizing,Handsome Boy Modeling School,So...How's Your Girl?
"The Ground Walks, with Time in a Box",Modest Mouse,Strangers to Ourselves
Horn Intro,Modest Mouse,Good News For People Who Love Bad News
Garage Sale,Funland,The Funland Band
Napoleon Hill,Harry Mack,Contents Under Pressure
Ansel,Modest Mouse,Strangers to Ourselves
Lampshades on Fire,Modest Mouse,Strangers to Ourselves
Paper Thin Walls,Modest Mouse,The Moon & Antarctica
If You Want Me,Markéta Irglová,Music From The Motion Picture Once
Malibu,Hole,Celebrity Skin
Head South,Modest Mouse,This Is a Long Drive for Someone with Nothing to Think About
6.4 = Make Out,Gary Wilson,You Think You Really Know Me
Other People's Lives,Modest Mouse,Building Nothing out of Something
Question,Old 97's,Hit By A Train: The Best Of Old 97's
You're the Ruxin,The League Choir,The League (Music from the Original TV Series)
Long Distance Drunk,Modest Mouse,The Lonesome Crowded West
Talking Shit About a Pretty Sunset,Modest Mouse,This Is a Long Drive for Someone with Nothing to Think About
Dig Your Grave,Modest Mouse,Good News For People Who Love Bad News
Tundra/Desert,Modest Mouse,This Is a Long Drive for Someone with Nothing to Think About
Walking Contradiction,Green Day,Insomniac
Novocain Stain,Modest Mouse,This Is a Long Drive for Someone with Nothing to Think About
Never Ending Math Equation,Modest Mouse,Building Nothing out of Something
What People Are Made Of,Modest Mouse,The Moon & Antarctica
Miserere,The Gloria Record,A Lull In Traffic
Legalize Kevin's Pubic Smoke,Jon Lajoie,The League (Music from the Original TV Series)
Jailbreak the Tesla (feat. Aminé),Injury Reserve,Jailbreak the Tesla (feat. Aminé)
Cinders,Holopaw,Holopaw
Day 'N' Nite (nightmare),Kid Cudi,Man On The Moon: The End Of Day
A Praise Chorus,Jimmy Eat World,Bleed American (Deluxe Edition)
Truckers Atlas,Modest Mouse,The Lonesome Crowded West
Be Brave,Modest Mouse,Strangers to Ourselves
Confessions of a Dangerous Mind,Logic,Confessions of a Dangerous Mind
Fire It Up,Modest Mouse,We Were Dead Before The Ship Even Sank
Innocent,Our Lady Peace,A Decade (with bonus tracks)
Krazy Glue,Less Than Jake,Losing Streak
Lounge (Closing Time),Modest Mouse,The Lonesome Crowded West
Jesus of Suburbia,Green Day,American Idiot
Parting of the Sensory,Modest Mouse,We Were Dead Before The Ship Even Sank
Cold Beverage,G. Love & Special Sauce,G. Love And Special Sauce
(Sittin' On) the Dock of the Bay,Otis Redding,"Atlantic 60th: Soul, Sweat And Strut"
Bleed Like Anyone,Funland,The Funland Band
A Life of Arctic Sounds,Modest Mouse,Building Nothing out of Something
Ten Minutes,The Get Up Kids,Something to Write Home About (Deluxe Edition)
Busted Afternoon,Old 97's,Fight Songs
Dramamine,Modest Mouse,This Is a Long Drive for Someone with Nothing to Think About
Next Gear,Harry Mack,Contents Under Pressure
Lonely Holiday,Old 97's,Fight Songs
Spare Parts Express,Orbital,The Middle Of Nowhere
Grey Ice Water,Modest Mouse,Building Nothing out of Something
Next Gear Intro (The Hunger),Harry Mack,Contents Under Pressure
Roll Your Jay,Harry Mack,Contents Under Pressure
Ghost Monkey,Jon Lajoie,The League (Music from the Original TV Series)
Missed the Boat,Modest Mouse,We Were Dead Before The Ship Even Sank
Murder (Or a Heart Attack),Old 97's,Hit By A Train: The Best Of Old 97's
Short-Wave-Hum (Stutter),Holopaw,Holopaw
Unified Rebelution,Jurassic 5,J 5 (Deluxe Edition)
Big Brown Eyes,Old 97's,Too Far To Care
Ocean Breathes Salty,Modest Mouse,Good News For People Who Love Bad News
In Repair,Our Lady Peace,Spiritual Machines
The Stars Are Projectors,Modest Mouse,The Moon & Antarctica
Invisible,Modest Mouse,We Were Dead Before The Ship Even Sank
Rivers and Roads,The Head And The Heart,The Head and the Heart
Go For Mine,Harry Mack,Contents Under Pressure
Custom Concern,Modest Mouse,This Is a Long Drive for Someone with Nothing to Think About
Big Casino,Jimmy Eat World,Chase This Light
Mo Money Mo Problems (feat. Puff Daddy & Mase) - 2014 Remaster,The Notorious B.I.G.,Life After Death (2014 Remastered Edition)
Where the Hell Is Mikle Sinkovich?,Less Than Jake,Pezcore
Close (KC Two),Matt Pond PA,Emblems
Do the Vinegar Strokes,Jon Lajoie,The League (Music from the Original TV Series)
One Man Army,Our Lady Peace,A Decade (with bonus tracks)
Space Travel Is Boring,Modest Mouse,This Is a Long Drive for Someone with Nothing to Think About
Mr. Mcgibblets Theme Song,Jon Lajoie,The League (Music from the Original TV Series)
March Into the Sea,Modest Mouse,We Were Dead Before The Ship Even Sank
Igloo Glass,Holopaw,Holopaw
Macy's Day Parade,Green Day,Warning
Fly Trapped In a Jar,Modest Mouse,We Were Dead Before The Ship Even Sank
Tired And Uninspired,The Gloria Record,A Lull In Traffic
Eskimo Brothers,Jon Lajoie,The League (Music from the Original TV Series)
Hallelujah,Jeff Buckley,Grace
Spitting Venom,Modest Mouse,We Were Dead Before The Ship Even Sank
All My Ghosts,Frank Black & The Catholics,Frank Black & The Catholics
River Of Deceit,Mad Season,Above
Spinal Music (Skred is a),Funland,The Funland Band
Shit Luck,Modest Mouse,The Lonesome Crowded West
Somewhere Out There,Our Lady Peace,A Decade (with bonus tracks)
"Good Morning, Providence",The Gloria Record,Start Here
Angels/Losing/Sleep,Our Lady Peace,A Decade (with bonus tracks)
Good With God,Old 97's,Graveyard Whistling
Backwater,Meat Puppets,Too High To Die
Convenient Parking,Modest Mouse,The Lonesome Crowded West
All The Stars (with SZA),Kendrick Lamar,Black Panther The Album Music From And Inspired By
Broadripple Is Burning,Margot & The Nuclear So And So's,Not Animal
Holiday,The Get Up Kids,Something to Write Home About (Deluxe Edition)
Laminated Cat,Loose Fur,Loose Fur
Waiting,Green Day,Warning
Coming War,Ozomatli,Ozomatli
Workin' on Leavin' the Livin',Modest Mouse,Building Nothing out of Something
Vizcaya,Jacuzzi Boys,Glazin'
"Shook Ones, Pt. II",Mobb Deep,The Infamous
How Did I Get Here (feat. J. Cole),Offset,FATHER OF 4
Bring On The Ending,Matt Pond PA,Emblems
The Best Room,Modest Mouse,Strangers to Ourselves
Rock N' Roll (Could Never Hip Hop Like This),Handsome Boy Modeling School,So...How's Your Girl?
They Told Me,Harry Mack,Contents Under Pressure
Cowboy Dan,Modest Mouse,The Lonesome Crowded West
Land of 1000 Dances,Ozomatli,Non-Stop: Mexico to Jamaica
The League Theme,Jeff Cardoni,The League (Music from the Original TV Series)
Time is Running Out,Muse,Absolution
I Need Some Brain Damage,The Lillingtons,Death By Television
Doll Parts,Hole,Live Through This
Blame It On the Tetons,Modest Mouse,Good News For People Who Love Bad News
My Naginta,Jon Lajoie,The League (Music from the Original TV Series)
Lives,Modest Mouse,The Moon & Antarctica
19,Old 97's,Fight Songs
78 Stone Wobble,Gomez,5 Album Set (Bring It On/Liquid Skin/In Our Gun/Split the Difference/Five Men in a Hut)
Lounge,Modest Mouse,This Is a Long Drive for Someone with Nothing to Think About
The Arctic Cat,The Gloria Record,A Lull In Traffic
Float On,Modest Mouse,Good News For People Who Love Bad News
Summer (Butcher Two),Matt Pond PA,Emblems
Clumsy,Our Lady Peace,A Decade (with bonus tracks)
"Pistol (A. Cunanan, Miami, FL. 1996)",Modest Mouse,Strangers to Ourselves
Doreen,Old 97's,Hit By A Train: The Best Of Old 97's
"Styrofoam Boots/It's All Nice on Ice, Alright",Modest Mouse,The Lonesome Crowded West
All Night Diner,Modest Mouse,Building Nothing out of Something
Rollerskate Skinny,Old 97's,Satellite Rides
Place To Be,Nick Drake,Pink Moon
Timebomb,Old 97's,Too Far To Care
People As Places As People,Modest Mouse,We Were Dead Before The Ship Even Sank
Medication,Modest Mouse,Building Nothing out of Something
Is Anybody Home?,Our Lady Peace,A Decade (with bonus tracks)
Jagged,Old 97's,Hit By A Train: The Best Of Old 97's
Shiva Bowl Shuffle,League Cast,The League (Music from the Original TV Series)
Wicked Campaign,Modest Mouse,Strangers to Ourselves
MIDDLE CHILD,J. Cole,MIDDLE CHILD
A Lull In Traffic,The Gloria Record,A Lull In Traffic
One Chance,Modest Mouse,Good News For People Who Love Bad News
Education,Modest Mouse,We Were Dead Before The Ship Even Sank
Savory,Jawbox,For Your Own Special Sweetheart
iSpy (feat. Lil Yachty),KYLE,iSpy (feat. Lil Yachty)
A Bye,The Gloria Record,A Lull In Traffic
Cut Chemist Suite,Ozomatli,Ozomatli
I Came As a Rat,Modest Mouse,The Moon & Antarctica
Yobagoya,Jon Lajoie,The League (Music from the Original TV Series)
Old China,Gomez,5 Album Set (Bring It On/Liquid Skin/In Our Gun/Split the Difference/Five Men in a Hut)
Bukowski,Modest Mouse,Good News For People Who Love Bad News
No Cigar,Millencolin,Pennybridge Pioneers
Wild Packs of Family Dogs,Modest Mouse,The Moon & Antarctica
Out of Gas,Modest Mouse,The Lonesome Crowded West
Oppenheimer,Old 97's,Fight Songs
We've Got Everything,Modest Mouse,We Were Dead Before The Ship Even Sank
Half Right,Heatmiser,Mic City Sons
Ionizes & Atomizes,Modest Mouse,This Is a Long Drive for Someone with Nothing to Think About
Gravity Rides Everything,Modest Mouse,The Moon & Antarctica
Pete's Tiny Erect Dick,Jon Lajoie,The League (Music from the Original TV Series)
Brain Stew,Green Day,Insomniac
God is an Indian and You're an Asshole,Modest Mouse,Strangers to Ourselves
Interstate 8,Modest Mouse,Building Nothing out of Something
The Science of Selling Yourself Short,Less Than Jake,Anthem
All My Best Friends Are Metalheads,Less Than Jake,Hello Rockview
Not Worth It,Harry Mack,Contents Under Pressure
Down Stage,Funland,The Funland Band
Die Like A Satellite,Funland,The Funland Band
The Good Times Are Killing Me,Modest Mouse,Good News For People Who Love Bad News
Perfect Disguise,Modest Mouse,The Moon & Antarctica
People Who Died,The Jim Carroll Band,Geno: 1980 Rock
Fellowship,The Nixons,Foma
The Tortoise and the Tourist,Modest Mouse,Strangers to Ourselves
Dance Hall,Modest Mouse,Good News For People Who Love Bad News
Superman's Dead,Our Lady Peace,A Decade (with bonus tracks)
Doin' the Cockroach,Modest Mouse,The Lonesome Crowded West
Holy Calamity [Bear Witness II],Handsome Boy Modeling School,So...How's Your Girl?
Jayou,Jurassic 5,J 5 (Deluxe Edition)
Overdue,The Get Up Kids,On a Wire
Tiny Cities Made Of Ashes,Modest Mouse,The Moon & Antarctica
Say It To Me Now,Glen Hansard,Music From The Motion Picture Once
You Get What You Give,New Radicals,Maybe You've Been Brainwashed Too
How We Operate,Gomez,How We Operate
Pink Moon,Nick Drake,Pink Moon
Teeth Like God's Shoeshine,Modest Mouse,The Lonesome Crowded West
Grave's Disease,Matt Pond PA,Emblems
East Coast E.,Matt Pond PA,Emblems
Warning,Green Day,Warning
Polar Opposites,Modest Mouse,The Lonesome Crowded West
Exit Does Not Exist,Modest Mouse,This Is a Long Drive for Someone with Nothing to Think About
Such a Loser,Garfunkel and Oates,Secretions
Krampus Carol,Jon Lajoie,The League (Music from the Original TV Series)
I'm Inside Me,Jon Lajoie,The League (Music from the Original TV Series)
Dreams - 2004 Remaster,Fleetwood Mac,Rumours (Super Deluxe)
Victoria,Old 97's,Hit By A Train: The Best Of Old 97's
Lies,Glen Hansard,Music From The Motion Picture Once
March Of The Pigs,Nine Inch Nails,The Downward Spiral
I Was Born In Omaha,The Gloria Record,Start Here
Concrete Schoolyard,Jurassic 5,J 5 (Deluxe Edition)
Improvise,Jurassic 5,J 5 (Deluxe Edition)
Broke,Modest Mouse,Building Nothing out of Something
Los Angeles,Frank Black,Frank Black
Trailer Trash,Modest Mouse,The Lonesome Crowded West
Black Cadillacs,Modest Mouse,Good News For People Who Love Bad News
You Were Wrong,Loose Fur,Loose Fur
Interlude (Milo),Modest Mouse,Good News For People Who Love Bad News
Deep Sea Diving,Harry Mack,Contents Under Pressure
Foma,The Nixons,Foma
New Hampshire,Matt Pond PA,Emblems
My God Has A Telephone,The Flying Stars Of Brooklyn NY,My God Has a Telephone
Naveed,Our Lady Peace,A Decade (with bonus tracks)
Alone Down There,Modest Mouse,The Moon & Antarctica
Redundant,Green Day,Nimrod
Dashboard,Modest Mouse,We Were Dead Before The Ship Even Sank
Pups to Dust,Modest Mouse,Strangers to Ourselves
Nice Guys Finish Last,Green Day,Nimrod
Coyotes,Modest Mouse,Strangers to Ourselves
Anchor Baby,Jon Lajoie,The League (Music from the Original TV Series)
Breakthrough,Modest Mouse,This Is a Long Drive for Someone with Nothing to Think About
The Wall,Grupo Fantasma,American Music: Volume 7
Last Song,Matt Pond PA,Emblems
Life,Our Lady Peace,A Decade (with bonus tracks)
Stereo (Remastered),Pavement,Quarantine The Past: The Best Of Pavement
Bloods on Fire,Pinback,Summer in Abaddon
Alec Eiffel,Pixies,Trompe Le Monde
Wanna Mess You Around - (B-side),Pavement,Brighten the Corners: Nicene Creedence Ed.
Scent - Bonus Track,Pinback,Summer in Abaddon
Slowly Typed - (B-side),Pavement,Brighten the Corners: Nicene Creedence Ed.
"It's A Rainy Day, Sunshine Girl - (Recorded live at KCRW's Morning Becomes Eclectic program February 25, 1997)",Pavement,Brighten the Corners: Nicene Creedence Ed.
Barnes,Pinback,Autumn of the Seraphs
3 x 0,Pinback,Summer in Abaddon
Make Me A Chevy,The Promise Ring,Nothing Feels Good
Shag,Pinback,Pinback
Embassy Row Psych Intro - (Unreleased Song),Pavement,Brighten the Corners: Nicene Creedence Ed.
Boo,Pinback,Blue Screen Life
We Are Underused,Pavement,Brighten the Corners: Nicene Creedence Ed.
Birds In The Majic Industry - (B-side),Pavement,Brighten the Corners: Nicene Creedence Ed.
Comatose - Brendan O'Brien Mix,Pearl Jam,Pearl Jam (2017 Mix)
The Yellow Ones,Pinback,Summer in Abaddon
Starlings of the Slipstream,Pavement,Brighten the Corners
Where Is My Mind?,Pixies,Surfer Rosa (Remastered)
Date with Ikea,Pavement,Brighten the Corners
State of Love and Trust,Pearl Jam,rearviewmirror (greatest hits 1991-2003)
Starlings Of The Slipstream,Pavement,Brighten the Corners: Nicene Creedence Ed.
Stereo,Pavement,Brighten the Corners: Nicene Creedence Ed.
New Friends,Pinegrove,Cardinal (Expanded Edition)
Cadmium,Pinegrove,Cardinal (Expanded Edition)
Penelope,Pinback,Blue Screen Life
Misery Business,Paramore,Riot!
Vamos (Surfer Rosa),Pixies,Surfer Rosa (Remastered)
Subbing For Eden,Pinback,Autumn of the Seraphs
"Destroy Mater Dei - (Recorded live at KCRW's Morning Becomes Eclectic program February 25, 1997)",Pavement,Brighten the Corners: Nicene Creedence Ed.
Given to Fly,Pearl Jam,rearviewmirror (greatest hits 1991-2003)
Shady Lane/J Vs. S (Remastered),Pavement,Quarantine The Past: The Best Of Pavement
Fortress,Pinback,Summer in Abaddon
Non Photo-Blue,Pinback,Summer in Abaddon
Visiting,Pinegrove,Cardinal (Expanded Edition)
Torch,Pinback,Autumn of the Seraphs
Off By 50,Pinback,Autumn of the Seraphs
And Then (The Hexx) - [Extended Version of B-side],Pavement,Brighten the Corners: Nicene Creedence Ed.
Brick Is Red,Pixies,Surfer Rosa (Remastered)
Break My Body,Pixies,Surfer Rosa (Remastered)
From Nothing To Nowhere,Pinback,Autumn of the Seraphs
Cut Your Hair (Remastered),Pavement,Quarantine The Past: The Best Of Pavement
Blue Hawaiian,Pavement,Brighten the Corners: Nicene Creedence Ed.
Type Slowly,Pavement,Brighten the Corners: Nicene Creedence Ed.
"Grave Architecture - (BBC John Peel session August 21, 1997)",Pavement,Brighten the Corners: Nicene Creedence Ed.
Is This Thing On?,The Promise Ring,Nothing Feels Good
"The Classical - (BBC John Peel session August 21, 1997)",Pavement,Brighten the Corners: Nicene Creedence Ed.
West,Pinback,Blue Screen Life
Fuck Your Stuff,P.O.S,We Don't Even Live Here [Deluxe Edition]
Loro,Pinback,Pinback
Getaway,Pearl Jam,Lightning Bolt
Offline P.K.,Pinback,Blue Screen Life
This Red Book,Pinback,Summer in Abaddon
Type Slowly (Live) - [From “Tibetan Freedom Concert“],Pavement,Brighten the Corners: Nicene Creedence Ed.
Do the Evolution,Pearl Jam,rearviewmirror (greatest hits 1991-2003)
Size of the Moon,Pinegrove,Cardinal (Expanded Edition)
Transport Is Arranged,Pavement,Brighten the Corners
Lightning Bolt,Pearl Jam,Lightning Bolt
Bone Machine,Pixies,Surfer Rosa (Remastered)
Old To Begin,Pavement,Brighten the Corners: Nicene Creedence Ed.
New Friends (Schuylkill Session),Pinegrove,Cardinal (Expanded Edition)
Tony's Theme,Pixies,Surfer Rosa (Remastered)
Old Friends,Pinegrove,Cardinal (Expanded Edition)
Hurley,Pinback,Pinback
Harness Your Hopes - (B-side),Pavement,Brighten the Corners: Nicene Creedence Ed.
Date w/IKEA,Pavement,Brighten the Corners: Nicene Creedence Ed.
Passat Dream,Pavement,Brighten the Corners
Fin,Pavement,Brighten the Corners: Nicene Creedence Ed.
Transport Is Arranged,Pavement,Brighten the Corners: Nicene Creedence Ed.
No Tan Lines - (B-side),Pavement,Brighten the Corners: Nicene Creedence Ed.
"Neil Hagerty Meets Jon Spencer In A Non-Alcoholic Bar (Recorded live at KCRW's Morning Becomes Eclectic program February 25, 1997) - (KCRW February 25,1997)",Pavement,Brighten the Corners: Nicene Creedence Ed.
Once - 2004 Remix,Pearl Jam,rearviewmirror (greatest hits 1991-2003)
Not for You,Pearl Jam,rearviewmirror (greatest hits 1991-2003)
Young Folks,Peter Bjorn and John,Writer's Block
I Bleed,Pixies,Doolittle
Your Sickness,Pinback,Blue Screen Life
Can't Deny Me,Pearl Jam,Can't Deny Me
Devil You Know,Pinback,Autumn of the Seraphs
Crutch,Pinback,Pinback
Grey Machine,Pinback,Some Offcell Voices
Lyon,Pinback,Pinback
Shady Lane,Pavement,Brighten the Corners
Byzantine,Pinback,Pinback
How We Breathe,Pinback,Autumn of the Seraphs
Here (Remastered),Pavement,Quarantine The Past: The Best Of Pavement
Tripoli,Pinback,Pinback
I Got Id,Pearl Jam,rearviewmirror (greatest hits 1991-2003)
Bouquet,Pinback,Autumn of the Seraphs
Syracuse,Pinback,Summer in Abaddon
I'm Amazed,Pixies,Surfer Rosa (Remastered)
Walters,Pinback,Autumn of the Seraphs
Severed Hand - Brendan O'Brien Mix,Pearl Jam,Pearl Jam (2017 Mix)
Gold Soundz (Remastered),Pavement,Quarantine The Past: The Best Of Pavement
Fight This Generation (Remastered),Pavement,Quarantine The Past: The Best Of Pavement
Seville,Pinback,Blue Screen Life
Gigantic,Pixies,Surfer Rosa (Remastered)
The Hatenaughts of Melancholy Wall - Bonus Track,Pinback,Autumn of the Seraphs
Who You Are,Pearl Jam,rearviewmirror (greatest hits 1991-2003)
"Winner Of The - (BBC Evening Session January 15, 1997)",Pavement,Brighten the Corners: Nicene Creedence Ed.
Yellow Ledbetter,Pearl Jam,Jeremy
Embassy Row,Pavement,Brighten the Corners: Nicene Creedence Ed.
X.I.Y.,Pinback,Blue Screen Life
Talby,Pinback,Blue Screen Life
Blue Harvest,Pinback,Autumn of the Seraphs
I'm A Pretty Lady,Pinback,Autumn of the Seraphs - Bonus EP
Prog,Pinback,Blue Screen Life
Sunflower - Spider-Man: Into the Spider-Verse,Post Malone,Spider-Man: Into the Spider-Verse (Soundtrack From & Inspired by the Motion Picture)
Spit On A Stranger (Remastered),Pavement,Quarantine The Past: The Best Of Pavement
Debaser,Pixies,Doolittle
Charborg,Pinback,Pinback
Sender,Pinback,Summer in Abaddon
Type Slowly,Pavement,Brighten the Corners
Embassy Row,Pavement,Brighten the Corners
Rousseau,Pinback,Pinback
Cactus,Pixies,Surfer Rosa (Remastered)
Beautiful As A Butterfly - (Unreleased Song),Pavement,Brighten the Corners: Nicene Creedence Ed.
Why Did Ever We Meet,The Promise Ring,Nothing Feels Good
Soaked,Pinback,Summer in Abaddon
Mind Your Manners,Pearl Jam,Lightning Bolt
Westie Can Drum - (B-side),Pavement,Brighten the Corners: Nicene Creedence Ed.
Good To Sea,Pinback,Autumn of the Seraphs
Hey,Pixies,Doolittle
Versailles,Pinback,Pinback
Passat Dream,Pavement,Brighten the Corners: Nicene Creedence Ed.
Autumn of the Seraphs,Pinback,Autumn of the Seraphs - Bonus EP
Gouge Away,Pixies,Death To The Pixies
Then Again,Pinegrove,Cardinal (Expanded Edition)
Wave of Mutilation,Pixies,Doolittle
Cataracts - (Unreleased Song),Pavement,Brighten the Corners: Nicene Creedence Ed.
"Maybe Maybe - (Recorded live at KCRW's Morning Becomes Eclectic program February 25, 1997)",Pavement,Brighten the Corners: Nicene Creedence Ed.
Waveform,Pinegrove,Cardinal (Expanded Edition)
Said the Spider to the Fly (MP3),The Paper Chase,God Bless Your Black Heart
Broken Face,Pixies,Surfer Rosa (Remastered)
Old Friends (Schuylkill Session),Pinegrove,Cardinal (Expanded Edition)
We Are Underused,Pavement,Brighten the Corners
Old to Begin,Pavement,Brighten the Corners
Such Great Heights (Performed by Iron & Wine) - Remastered,The Postal Service,Give Up (Deluxe 10th Anniversary Edition)
Us and Them,Pink Floyd,The Dark Side of the Moon
Kylie,Pinback,Autumn of the Seraphs - Bonus EP
"Date w/IKEA - (BBC John Peel session August 21, 1997)",Pavement,Brighten the Corners: Nicene Creedence Ed.
Waveform (Demo),Pinegrove,Cardinal (Expanded Edition)
You'll Never Leave Harlan Alive,Patty Loveless,Mountain Soul
Perfect Lines,The Promise Ring,Nothing Feels Good
Cut Your Hair,Pavement,Quarantine The Past: The Best Of Pavement
Breath,Pearl Jam,rearviewmirror (greatest hits 1991-2003)
U-Mass,Pixies,Trompe Le Monde
Gold Soundz,Pavement,"Crooked Rain, Crooked Rain"
Cherry Area - (B-side),Pavement,Brighten the Corners: Nicene Creedence Ed.
Shady Lane/J Vs. S,Pavement,Brighten the Corners: Nicene Creedence Ed.
Immortality,Pearl Jam,rearviewmirror (greatest hits 1991-2003)
In The Mouth A Desert (Remastered),Pavement,Quarantine The Past: The Best Of Pavement
The Long Road,Pearl Jam,Merkin Ball
Montaigne,Pinback,Pinback
Unthought Known,Pearl Jam,Backspacer
Tres,Pinback,Blue Screen Life
Red & Blue Jeans,The Promise Ring,Nothing Feels Good
Fin,Pavement,Brighten the Corners
Life Wasted - Brendan O'Brien Mix,Pearl Jam,Pearl Jam (2017 Mix)
Something Against You,Pixies,Surfer Rosa (Remastered)
Stereo,Pavement,Brighten the Corners
AFK,Pinback,Summer in Abaddon
Concrete Seconds,Pinback,Blue Screen Life
Big Wave - Brendan O'Brien Mix,Pearl Jam,Pearl Jam (2017 Mix)
BBTone,Pinback,Blue Screen Life
Chaos Engine,Pinback,Pinback
Aphasia,Pinegrove,Cardinal (Expanded Edition)
Blue Hawaiian,Pavement,Brighten the Corners
Corduroy,Pearl Jam,rearviewmirror (greatest hits 1991-2003)
Grounds for Divorce,Wolf Parade,Apologies to the Queen Mary (Deluxe Edition)
The National People's Scare,Wolf Parade,Apologies to the Queen Mary (Deluxe Edition)
Add It Up - 2002 Remastered Version,Violent Femmes,Violent Femmes
Circles,Soul Coughing,Lust in Phaze: The Best of Soul Coughing
Ticker-tape of the Unconscious,Stereolab,Dots And Loops
Pot Kettle Black,Wilco,Yankee Hotel Foxtrot
A Shot in the Arm,Wilco,Summerteeth
Pink Chimneys,The Promise Ring,Nothing Feels Good
Starboy,The Weeknd,Starboy
Kissing Families,Silversun Pickups,Pikul
Skips A Beat (Over You),The Promise Ring,Very Emergency
Take On Me,Reel Big Fish,The Best Of Us For The Rest Of Us
2021,Vampire Weekend,Harmony Hall / 2021
Ladies and Gentlemen We Are Floating in Space,Spiritualized,Ladies & Gentlemen We Are Floating In Space
Soft Heart,Slow Roosevelt,Starving Saint Nick
Everybody Wants To Rule The World,Tears For Fears,Shout: The Very Best Of Tears For Fears
Moving Mountains,Thrice,"The Alchemy Index, Vol. 3 & 4: Air & Earth"
Super Bon Bon,Soul Coughing,Lust in Phaze: The Best of Soul Coughing
Come Around - Radio Edit,Rhett Miller,The Instigator
Digital Sea,Thrice,"The Alchemy Index, Vols. 1 & 2: Fire & Water"
Fancy Claps,Wolf Parade,Apologies to the Queen Mary (Deluxe Edition)
The Idiot Kings,Soul Coughing,Lust in Phaze: The Best of Soul Coughing
Don't Get 2 Close (2 My Fantasy),Ween,Pure Guava
Birdhouse in Your Soul,They Might Be Giants,Flood
You Are My Face,Wilco,Sky Blue Sky
Machine Head,Slow Roosevelt,Starving Saint Nick
Echoes,The Rapture,Echoes
New Tokyo Is Calling,The Stereo,No Traffic
True - Single Edit,Spandau Ballet,Gold - The Best of Spandau Ballet
Chicago,Sufjan Stevens,Illinois
Dinner Bells - EP Version,Wolf Parade,Apologies to the Queen Mary (Deluxe Edition)
So Many People In The Neighborhood,Ween,Quebec
Byegone,Volcano Choir,Repave
Ocean Man,Ween,The Mollusk
New Noise,Refused,The Shape Of Punk To Come
Ocean,Sebadoh,Harmacy
Istanbul (Not Constantinople),They Might Be Giants,Flood
I Burn,Toadies,Rubberneck
Prisoner of Mars,Stereolab,Dots And Loops
Seven - Remastered,Sunny Day Real Estate,Diary (2009 Edition)
Sugar Free Jazz,Soul Coughing,Lust in Phaze: The Best of Soul Coughing
All I Want Is More - Best Of,Reel Big Fish,A Best Of Us For The Rest Of Us - Bigger Better Deluxe Digital Version
Either Way,Wilco,Sky Blue Sky
Poop Ship Destroyer,Ween,Pure Guava
I'll Believe in Anything,Wolf Parade,Apologies to the Queen Mary (Deluxe Edition)
In Circles - Remastered,Sunny Day Real Estate,Diary (2009 Edition)
High And Dry,Radiohead,The Bends
Shine a Light,Wolf Parade,Apologies to the Queen Mary (Deluxe Edition)
Big Business,Slow Roosevelt,Starving Saint Nick
Dr. Rock,Ween,The Pod
I Got A Girl,Tripping Daisy,I Am An Elastic Firecracker
It's Nice to Know You Work Alone,Silversun Pickups,Swoon
Je suis venu te dire que je m'en vais,Serge Gainsbourg,Vu de l'extérieur
Wish Fulfillment,Sonic Youth,Dirty
$300,Soul Coughing,Lust in Phaze: The Best of Soul Coughing
Misunderstood,Wilco,Being There
How Nothing Feels,The Promise Ring,Nothing Feels Good
Cake,Slow Roosevelt,Throw Away Your Stereo
Absalom,Spot,Spot
Panic Switch,Silversun Pickups,Swoon
Via Chicago,Wilco,Summerteeth
Brakhage,Stereolab,Dots And Loops
Possum Kingdom,Toadies,Rubberneck
Sketches of Winkle,Ween,The Pod
L'America,Spot,Spot
"Jesus, Etc.",Wilco,Yankee Hotel Foxtrot
Nothing Feels Good,The Promise Ring,Nothing Feels Good
Tyler,Toadies,Rubberneck
El Camino,Ween,God Ween Satan: The Oneness (Anniversary Edition)
Bus to Beelzebub,Soul Coughing,Lust in Phaze: The Best of Soul Coughing
Moon June Spoon,Spot,Spot
Gwan,The Suffers,The Suffers
Clap Hands,Tom Waits,Rain Dogs
Forget Me,The Promise Ring,Nothing Feels Good
You Are a Runner and I Am My Father's Son,Wolf Parade,Apologies to the Queen Mary (Deluxe Edition)
Death with Dignity,Sufjan Stevens,Carrie & Lowell
Parsec,Stereolab,Dots And Loops
Jersey Shore,The Promise Ring,Very Emergency
Superstition,Stevie Wonder,Number 1's
Unmarked Helicopters,Soul Coughing,Lust in Phaze: The Best of Soul Coughing
Raspberry Rush,The Promise Ring,Nothing Feels Good
Sucked Out,Superdrag,Regretfully Yours
One Of Hazy Days,Spot,Spot
Modern World,Wolf Parade,Apologies to the Queen Mary (Deluxe Edition)
Just,Radiohead,The Bends
Secret Knives,Wolf Parade,Apologies to the Queen Mary (Deluxe Edition)
Things I Don't Remember,Ugly Casanova,Sharpen Your Teeth (Bonus Track Version)
Maps,Yeah Yeah Yeahs,Fever To Tell (Explicit Version)
Same Ghost Every Night,Wolf Parade,Apologies to the Queen Mary (Deluxe Edition)
Screenwriter's Blues,Soul Coughing,Lust in Phaze: The Best of Soul Coughing
Sugar Kane,Sonic Youth,Dirty
Sky Blue Sky,Wilco,Sky Blue Sky
Somebody to Shove (2022 Remaster),Soul Asylum,Grave Dancers Union (2022 Remaster)
Escape Artist,Sage Francis,A Healthy Distrust
B Is For Bethlehem,The Promise Ring,Nothing Feels Good
True Dreams of Wichita,Soul Coughing,Lust in Phaze: The Best of Soul Coughing
What I Got,Sublime,Sublime (Explicit Version)
Everyone's A Liar,Slow Roosevelt,Throw Away Your Stereo
Mutilated Lips,Ween,The Mollusk
Damn Fine Mule,Slow Roosevelt,Starving Saint Nick
Drown,The Smashing Pumpkins,(Rotten Apples) The Smashing Pumpkins Greatest Hits
Waving My Dick in the Wind,Ween,The Mollusk
Can I Kick It?,A Tribe Called Quest,People's Instinctive Travels and the Paths of Rhythm (25th Anniversary Edition)
Collapse,Soul Coughing,Lust in Phaze: The Best of Soul Coughing
Fodder,Spot,Spot
Reggaejunkiejew,Ween,Pure Guava
Barnacles,Ugly Casanova,Sharpen Your Teeth (Bonus Track Version)
In the Capital,Rolling Blackouts Coastal Fever,In the Capital
I Am Trying to Break Your Heart,Wilco,Yankee Hotel Foxtrot
Eyes,Rogue Wave,Eyes
Extra,Slow Roosevelt,Starving Saint Nick
Rolling,Soul Coughing,Lust in Phaze: The Best of Soul Coughing
Unity,Reel Big Fish,Keep Your Receipt
Miss Modular,Stereolab,Dots And Loops
Diagonals,Stereolab,Dots And Loops
Face Down In a Pillow,Slow Roosevelt,Starving Saint Nick
A Broken Tenor,The Promise Ring,Nothing Feels Good
SICKO MODE,Travis Scott,ASTROWORLD
Straight Thru The Sun's Head,Spot,Spot
Super Model,Slow Roosevelt,Starving Saint Nick
Sunflower (feat. Steve Lacy),Vampire Weekend,Sunflower / Big Blue
Mayonaise - 2011 Remaster,The Smashing Pumpkins,Siamese Dream (2011 - Remaster)
Time of the Season - Mono Version,The Zombies,Time of the Season / She's Not There
Reptilia,The Strokes,Room On Fire
Detective Friend,Slow Roosevelt,Starving Saint Nick
Happiness Is All The Rage,The Promise Ring,Very Emergency
Hate It Here,Wilco,Sky Blue Sky
Zodiac Sign,Slow Roosevelt,Throw Away Your Stereo
Living Around,The Promise Ring,Very Emergency
I Confess to All This Mess,The Stereo,No Traffic
Janine,Soul Coughing,Lust in Phaze: The Best of Soul Coughing
100%,Sonic Youth,Dirty
Ground,Spot,Spot
Freakazoid,Silversun Pickups,Freakazoid
Oxford Comma,Vampire Weekend,Vampire Weekend
Kiss Off - 2002 Remastered Version,Violent Femmes,Violent Femmes
Impossible Germany,Wilco,Sky Blue Sky
French Press,Rolling Blackouts Coastal Fever,French Press
Ocean Avenue,Yellowcard,Ocean Avenue
Africa,TOTO,Toto IV
Yonkers,"Tyler, The Creator",Goblin
Drop Down,Spot,Spot
Hole,Spot,Spot
My Valentine,Slow Roosevelt,Starving Saint Nick
Emergency! Emergency!,The Promise Ring,Very Emergency
St. Louise Is Listening,Soul Coughing,Lust in Phaze: The Best of Soul Coughing
The Way Things Change,Yellow Days,The Way Things Change
Hollywood Movie Contract,Slow Roosevelt,Starving Saint Nick
Super Bon Bon - Propellerheads Radio Edit Version,Soul Coughing,Lust in Phaze: The Best of Soul Coughing
DEATHCAMP (feat. Cole Alexander),"Tyler, The Creator",Cherry Bomb
Alabama Man,Slow Roosevelt,Starving Saint Nick
Lazy Eye,Silversun Pickups,Carnavas
We Built Another World,Wolf Parade,Apologies to the Queen Mary (Deluxe Edition)
The Mollusk,Ween,The Mollusk
Remind Me - Radio Edit,Röyksopp,Melody AM
She's a Jar,Wilco,Summerteeth
Soundtrack to Mary,Soul Coughing,Lust in Phaze: The Best of Soul Coughing
Pumpin' 4 The Man,Ween,Pure Guava
Things Just Getting Good,The Promise Ring,Very Emergency
How to Fight Loneliness,Wilco,Summerteeth
Interstate Love Song,Stone Temple Pilots,Purple
Unbearably White,Vampire Weekend,This Life / Unbearably White
Rhinoceros - Remastered 2011,The Smashing Pumpkins,Gish
Cut A Wide Swath,Spot,Spot
Dear Sons and Daughters of Hungry Ghosts,Wolf Parade,Apologies to the Queen Mary (Deluxe Edition)
Happy Hour,The Promise Ring,Very Emergency
"C.R.E.A.M. (Cash Rules Everything Around Me) (feat. Method Man, Raekwon, Inspectah Deck & Buddha Monk)",Wu-Tang Clan,Enter The Wu-Tang (36 Chambers) [Expanded Edition]
Trendy - Best Of,Reel Big Fish,A Best Of Us For The Rest Of Us - Bigger Better Deluxe Digital Version
Dirty Work,Steely Dan,Can't Buy A Thrill
Uninvited,Ruth Ruth,Laughing Gallery
Transdermal Celebration,Ween,Quebec
The Flower Called Nowhere,Stereolab,Dots And Loops
Get Set for Sound,The Stereo,No Traffic
Paint,Soul Coughing,Lust in Phaze: The Best of Soul Coughing
Cherub Rock - 2011 Remaster,The Smashing Pumpkins,Siamese Dream (2011 - Remaster)
I Was Born (A Unicorn),The Unicorns,Who Will Cut Our Hair When We're Gone? (Remastered)
Summer Breeze,Seals and Crofts,Rhino Hi-Five: Seals & Crofts
The Deep South,The Promise Ring,Very Emergency
Piss up a Rope,Ween,12 Golden Country Greats
Teen Age Riot (Album Version),Sonic Youth,Daydream Nation (Deluxe Edition)
El Scorcho,Weezer,Pinkerton
Lousy Pictures,Wolf Parade,Apologies to the Queen Mary (Deluxe Edition)
Lazybones,Soul Coughing,Lust in Phaze: The Best of Soul Coughing
Detective Friend 98,Slow Roosevelt,Throw Away Your Stereo
Blueeyed Devil,Soul Coughing,Lust in Phaze: The Best of Soul Coughing
Fake Plastic Trees,Radiohead,The Bends
In the Meantime,Spacehog,Resident Alien
Shimmy Shimmy Ya,Ol' Dirty Bastard,Return to the 36 Chambers: The Dirty Version
Tennessee,Arrested Development,"3 Years, 5 Months And 2 Days In The Life Of..."
One More Murder,Better Than Ezra,Greatest Hits
Minerva,Deftones,Deftones
Savory - 2005 Remaster,Deftones,B-Sides & Rarities
Be Quiet and Drive (Far Away),Deftones,Around the Fur
Minus Blindfold,Deftones,Adrenaline
Bored,Deftones,Adrenaline
7 Words,Deftones,Adrenaline
Engine No. 9,Deftones,Adrenaline
Fell In Love With A Girl,The White Stripes,White Blood Cells
Talk To Strangers,Saul Williams,Saul Williams
Horizon to Cliff,Built To Spill,Untethered Moon
In the Air Tonight - 2015 Remaster,Phil Collins,Face Value (2016 Remaster)
Easy Lover,Philip Bailey,Chinese Wall (Expanded Edition)
You Can't Hurry Love - 2016 Remaster,Phil Collins,"Hello, I Must Be Going! (Deluxe Edition)"
Time - 2011 Remastered Version,Pink Floyd,The Dark Side Of The Moon (2011 Remastered Version)
The Choice Is Yours (Revisited),Black Sheep,A Wolf In Sheep's Clothing
Social,Squirtgun,Mallrats (Original Motion Picture Soundtrack)
Last Words,Jason Mewes,Mallrats (Original Motion Picture Soundtrack)
Mission Impossible #2,Jason Mewes,Mallrats (Original Motion Picture Soundtrack)
Build Me Up Buttercup,The Goops,Mallrats (Original Motion Picture Soundtrack)
Post Coital Techno Boogie,Jason Lee,Mallrats (Original Motion Picture Soundtrack)
A Very Uncomfortable Place,Jason Lee,Mallrats (Original Motion Picture Soundtrack)
Chinatown,Jets To Brazil,Orange Rhyming Dictionary
GRoCERIES,Chance the Rapper,GRoCERIES
Vasoline,Stone Temple Pilots,Purple
Don't Let The Bastards Grind You Down,The Toasters,Don't Let The Bastards Grind You Down
10001110101,Clutch,Robot Hive/Exodus (Bonus Track Version)
Circus Maximus,Clutch,Robot Hive/Exodus (Bonus Track Version)
Bullet Proof ... I Wish I Was,Radiohead,The Bends
Everyday Normal Guy 2,Jon Lajoie,You Want Some of This?
Everyday Normal Guy,Jon Lajoie,You Want Some of This?
Rain King,Counting Crows,August And Everything After
Careful What You Wish For,Raine Maida,The Hunter's Lullaby
Montreal,Raine Maida,We All Get Lighter
Yellow Brick Road,Raine Maida,The Hunter's Lullaby
Shuffle Your Feet,Black Rebel Motorcycle Club,Howl
Little Fury Bugs,Death Cab for Cutie,We Have The Facts And We're Voting Yes
The Employment Pages,Death Cab for Cutie,We Have The Facts And We're Voting Yes
For What Reason,Death Cab for Cutie,We Have The Facts And We're Voting Yes
Scientist Studies,Death Cab for Cutie,We Have The Facts And We're Voting Yes
405,Death Cab for Cutie,We Have The Facts And We're Voting Yes
No Joy In Mudville,Death Cab for Cutie,We Have The Facts And We're Voting Yes
"Lowell, MA",Death Cab for Cutie,We Have The Facts And We're Voting Yes
Company Calls Epilogue,Death Cab for Cutie,We Have The Facts And We're Voting Yes
Title Track,Death Cab for Cutie,We Have The Facts And We're Voting Yes
Company Calls,Death Cab for Cutie,We Have The Facts And We're Voting Yes
Way of the Ocean,Three Mile Pilot,"Another Desert, Another Sea"
DNA.,Kendrick Lamar,DAMN.
ELEMENT.,Kendrick Lamar,DAMN.
Backseat Freestyle,Kendrick Lamar,"good kid, m.A.A.d city (Deluxe)"
Alright,Kendrick Lamar,To Pimp A Butterfly
HUMBLE.,Kendrick Lamar,DAMN.
Poetic Justice,Kendrick Lamar,"good kid, m.A.A.d city (Deluxe)"
i,Kendrick Lamar,i
"F**kin' Problems (feat. Drake, 2 Chainz & Kendrick Lamar)",A$AP Rocky,LONG.LIVE.A$AP (Deluxe Version)
Norf Norf,Vince Staples,Summertime '06
For Nancy ('Cos It Already Is),Pete Yorn,musicforthemorningafter
Life On a Chain,Pete Yorn,musicforthemorningafter
Strange Condition,Pete Yorn,musicforthemorningafter
Black,Pete Yorn,musicforthemorningafter
Buried in the Murder,The Lonely Wild,The Sun as It Comes
Bankrupt,The Lonely Wild,The Sun as It Comes
Banks and Ballrooms,The Lonely Wild,The Sun as It Comes
Keep Us Whole,The Lonely Wild,The Sun as It Comes
Come Back Down,The Lonely Wild,The Sun as It Comes
Over Edgeware,The Lonely Wild,The Sun as It Comes
Who's Calling,The Lonely Wild,The Sun as It Comes
The Sun As It Comes,The Lonely Wild,The Sun as It Comes
Closer Than the Needle,The Lonely Wild,The Sun as It Comes
Flames to Fight,The Lonely Wild,The Sun as It Comes
Everything You Need,The Lonely Wild,The Sun as It Comes
Burning Down the House,Talking Heads,Speaking in Tongues
Neighborhood #1 (Tunnels),Arcade Fire,Funeral
Son Of Sam,Elliott Smith,Figure 8
The Dreamer,The Tallest Man On Earth,Sometimes The Blues Is Just A Passing Bird
Pa Pa Power,Dead Man's Bones,Dead Man's Bones
Dead Hearts,Dead Man's Bones,Dead Man's Bones
Dead Man's Bones,Dead Man's Bones,Dead Man's Bones
In The Room Where You Sleep,Dead Man's Bones,Dead Man's Bones
Buried in Water,Dead Man's Bones,Dead Man's Bones
Intro,Dead Man's Bones,Dead Man's Bones
Paper Ships,Dead Man's Bones,Dead Man's Bones
Flowers Grow Out of My Grave,Dead Man's Bones,Dead Man's Bones
Lose Your Soul,Dead Man's Bones,Dead Man's Bones
Werewolf Heart,Dead Man's Bones,Dead Man's Bones
My Body's a Zombie For You,Dead Man's Bones,Dead Man's Bones
Wrecking Ball,Creeper Lagoon,Take Back The Universe And Give Me Yesterday
Santana DVX,The Lonely Island,Incredibad
I'm On A Boat,The Lonely Island,Incredibad
Like A Boss,The Lonely Island,Incredibad
Ras Trent,The Lonely Island,Incredibad
Natalie's Rap,The Lonely Island,Incredibad
No Problem (feat. Lil Wayne & 2 Chainz),Chance the Rapper,Coloring Book
Gucci Gang,Lil Pump,Lil Pump
Texties,Nick Kroll,Thank You Very Cool
Chupa Sponsor Reel (Bonus Track),Nick Kroll,Thank You Very Cool
Fabrice Fabrice,Nick Kroll,Thank You Very Cool
Tunatinis,Nick Kroll,Thank You Very Cool
Bobby B,Nick Kroll,Thank You Very Cool
Cats vs. Dogs,Nick Kroll,Thank You Very Cool
Do you date me?,Nick Kroll,Thank You Very Cool
MJ,Nick Kroll,Thank You Very Cool
Koo Koo Rikoo!,Nick Kroll,Thank You Very Cool
Drunk Packing,Nick Kroll,Thank You Very Cool
Crudités,Nick Kroll,Thank You Very Cool
Nick Kroll,Nick Kroll,Thank You Very Cool
Dream Catcher,Nick Kroll,Thank You Very Cool
Home,Cut Chemist,Die Cut
Die Cut (Theme),Cut Chemist,Die Cut
Madman,Cut Chemist,Die Cut
Moonlightin' with Biz,Cut Chemist,Die Cut
Work My Mind,Cut Chemist,Die Cut
Die Cut (Wrap),Cut Chemist,Die Cut
The Lift Part 2 (The Dream Sequence),Cut Chemist,Die Cut
Rhythm Method,Cut Chemist,Die Cut
I Gotta Weapon,Cut Chemist,Die Cut
Plains,Cut Chemist,Die Cut
Metalstorm,Cut Chemist,Die Cut
Home Away from Home,Cut Chemist,Die Cut
"You Want It, I Got It",Cut Chemist,Die Cut
Energy (Interlude 2),Cut Chemist,Die Cut
Prelude for a Madman,Cut Chemist,Die Cut
Plane Jane,Cut Chemist,Die Cut
Mistadobalina,Del The Funky Homosapien,I Wish My Brother George Was Here
Black Tambourine,Beck,Guero
All I Want,Toad The Wet Sprocket,fear
Your Redneck Past,Ben Folds Five,The Unauthorized Biography Of Reinhold Messner
King Of The Road,Roger Miller,The Best Of Roger Miller Volume Two: King Of The Road
Theme Allison,Tomorrowpeople,Golden Energy
Youth in Orbit,Tomorrowpeople,Golden Energy
Poison,Bell Biv DeVoe,20th Century Masters: The Millennium Collection: Best of Bel Biv DeVoe
Tha Crossroads,Bone Thugs-N-Harmony,R&B: From Doo-Wop To Hip-Hop
Flint (For the Unemployed and Underpaid),Sufjan Stevens,Michigan
The Upper Peninsula,Sufjan Stevens,Michigan
Futile Devices,Sufjan Stevens,The Age of Adz
All the Trees of the Field Will Clap Their Hands,Sufjan Stevens,Seven Swans
The Dress Looks Nice on You,Sufjan Stevens,Seven Swans
"John Wayne Gacy, Jr.",Sufjan Stevens,Illinois
Casimir Pulaski Day,Sufjan Stevens,Illinois
John Allyn Smith Sails,Okkervil River,The Stage Names
The Valley,Okkervil River,I Am Very Far
Styrofoam Plates,Death Cab for Cutie,The Photo Album
Neighborhood #2 (Laika),Arcade Fire,Funeral
Neighborhood #3 (Power Out),Arcade Fire,Funeral
Wake Up,Arcade Fire,Funeral
Rebellion (Lies),Arcade Fire,Funeral
Big News I,Clutch,Clutch
Big News II,Clutch,Clutch
Escape from the Prison Planet,Clutch,Clutch
Tight Like That,Clutch,Clutch
Naked as We Came,Iron & Wine,Our Endless Numbered Days
Heartbeats,José González,Veneer
Good Morning,Lullaby For The Working Class,Blanket Warm
Spreading the Evening Sky with Crows,Lullaby For The Working Class,Blanket Warm
Queen of the Long-Legged Insects,Lullaby For The Working Class,Blanket Warm
The Crane Wife 3,The Decemberists,The Crane Wife (10th Anniversary Edition)
Texan Book of the Dead,Clutch,Clutch
Spacegrass,Clutch,Clutch
Stir Fry,Migos,Culture II
Hunger Strike - 25th Anniversary Mix,Temple Of The Dog,Hunger Strike (25th Anniversary Mix)
Creep,Stone Temple Pilots,Core
Volcano Girls,Veruca Salt,Eight Arms To Hold You
Crown Of Thorns,Mother Love Bone,Mother Love Bone
Killing In The Name,Rage Against The Machine,Rage Against The Machine - XX (20th Anniversary Special Edition)
Creep,Radiohead,Pablo Honey (Collector's Edition)
Pardon Me,Incubus,Make Yourself
Tomorrow,Silverchair,Frogstomp (Deluxe Edition) [Remastered]
Someday I Suppose,The Mighty Mighty Bosstones,Don't Know How To Party
Say Hello 2 Heaven - 25th Anniversary Mix,Temple Of The Dog,Temple Of The Dog (Deluxe Edition)
Here In Your Bedroom,Goldfinger,The Best Of Goldfinger
I Was Wrong,Social Distortion,White Light White Heat White Trash
"Cute Without the ""E"" (Cut From the Team)",Taking Back Sunday,Tell All Your Friends (Re-Issue)
Story of My Life,Social Distortion,Social Distortion
Sick of Myself,Matthew Sweet,100 % Fun
In the Meantime - Re-Recorded Version,Spacehog,In the Meantime
ROJI (Roshomon Effect),Pinback,ROJI (Roshomon Effect)
Gamma Ray,Beck,Modern Guilt
Nausea,Beck,The Information
Clap Hands - Non-LP Version,Beck,Guerolito
Tropicalia,Beck,Mutations
Hey Jealousy,Gin Blossoms,New Miserable Experience
Inside Out,Eve 6,Eve 6
Steal My Sunshine - Single Version,LEN,Steal My Sunshine EP
Just a Friend,Biz Markie,Biz's Baddest Beats: The Best of Biz Markie
One Week,Barenaked Ladies,Stunt
One Headlight,The Wallflowers,Bringing Down The Horse
Push,Matchbox Twenty,Yourself or Someone Like You
Rollout (My Business),Ludacris,Word Of Mouf
California - Tchad Blake Mix,Phantom Planet,The Guest (Expanded Edition)
Waterfalls,TLC,Crazysexycool
This Is How We Do It,Montell Jordan,This Is How We Do It
Teenage Dirtbag,Wheatus,"Songs From Dawson's Creek, Vol. II"
Money In The Grave (Drake ft. Rick Ross),Drake,The Best In The World Pack
Here In Your Bedroom,Goldfinger,Goldfinger
New Girl,The Suicide Machines,Destruction By Definition
Super Rad,The Aquabats!,The Fury of the Aquabats
Where Zero Meets 15,Five Iron Frenzy,Upbeats & Beatdowns
Third World Think Tank,Five Iron Frenzy,Upbeats & Beatdowns
Blue Comb '78,Five Iron Frenzy,Our Newest Album Ever!
Banner Year,Five Iron Frenzy,Our Newest Album Ever!
"Oh, Canada",Five Iron Frenzy,Our Newest Album Ever!
Save Me,Aimee Mann,Magnolia (Music from the Motion Picture)
The London (feat. J. Cole & Travis Scott),Young Thug,The London (feat. J. Cole & Travis Scott)
Alaska,Maggie Rogers,Heard It In A Past Life
From God's Perspective,Bo Burnham,what.
ART IS DEAD,Bo Burnham,Words Words Words
Ain't No Sunshine,Bill Withers,Just As I Am
Lovely Day,Bill Withers,Menagerie
Use Me,Bill Withers,Still Bill
"So Fresh, So Clean",Outkast,Stankonia
Steal My Sunshine,LEN,You Can't Stop The Bum Rush
Landslide,Fleetwood Mac,Fleetwood Mac
Every Morning - Remastered,Sugar Ray,The Best Of Sugar Ray
Tiny Dancer,Elton John,Madman Across The Water
Baba O'Riley,The Who,Who's Next (Deluxe Edition)
The Joker,Steve Miller Band,The Joker
Uptight (Everything's Alright),Stevie Wonder,Up-Tight
Mr. Jones,Counting Crows,August And Everything After
Lovely Day,Bill Withers,Lean on Me: The Best of Bill Withers
Inaudible Melodies,Jack Johnson,Brushfire Fairytales [Remastered (Bonus Version)]
It's All Understood,Jack Johnson,Brushfire Fairytales [Remastered (Bonus Version)]
Times Like These,Jack Johnson,On And On
The Horizon Has Been Defeated - Single Version,Jack Johnson,On And On
Taylor,Jack Johnson,On And On
Holes To Heaven,Jack Johnson,On And On
Cookie Jar,Jack Johnson,On And On
Feels Like We Only Go Backwards,Tame Impala,Lonerism
Real World,Matchbox Twenty,The Matchbox Twenty Collection
Long Day,Matchbox Twenty,The Matchbox Twenty Collection
3:00 AM,Matchbox Twenty,The Matchbox Twenty Collection
Back 2 Good,Matchbox Twenty,The Matchbox Twenty Collection
If You're Gone,Matchbox Twenty,The Matchbox Twenty Collection
Release,Pearl Jam,Ten
Old Friends,Pinegrove,Cardinal
Masters of War,Bob Dylan,The Freewheelin' Bob Dylan
Get By,Talib Kweli,Quality
Wot,Captain Sensible,The Collection
Feel It All Around,Washed Out,Life Of Leisure
Lisztomania,Phoenix,Wolfgang Amadeus Phoenix
Heads Will Roll,Yeah Yeah Yeahs,It's Blitz!
Gold Lion,Yeah Yeah Yeahs,Show Your Bones
Neon Wound,Silversun Pickups,Widow's Weeds
It Doesn't Matter Why,Silversun Pickups,Widow's Weeds
Don't Know Yet,Silversun Pickups,Widow's Weeds
Straw Man,Silversun Pickups,Widow's Weeds
Bag of Bones,Silversun Pickups,Widow's Weeds
Widow's Weeds,Silversun Pickups,Widow's Weeds
Songbirds,Silversun Pickups,Widow's Weeds
Simpatico,Silversun Pickups,Widow's Weeds
We Are Chameleons,Silversun Pickups,Widow's Weeds
Common Reactor,Silversun Pickups,Carnavas
Three Seed,Silversun Pickups,Carnavas
Melatonin,Silversun Pickups,Carnavas
Checkered Floor,Silversun Pickups,Carnavas
Deadcrush (feat. Danny Brown) - Alchemist x Trooko Version,alt-J,Deadcrush (feat. Danny Brown) [Alchemist x Trooko Version]
Get Got,Death Grips,The Money Store
Reelin' In The Years,Steely Dan,Can't Buy A Thrill
Beast Of Burden - Remastered 1994,The Rolling Stones,Some Girls
Where Eagles Dare,Misfits,Collection
Summer Breeze,Seals and Crofts,Seals & Crofts' Greatest Hits
Psycho Killer - 2005 Remaster,Talking Heads,Talking Heads '77 (Deluxe Version)
Traffic In The Sky,Jack Johnson,On And On
Live On,The Flying Stars Of Brooklyn NY,My God Has a Telephone
Colors,Black Pumas,Black Pumas
A Decade Under The Influence,Taking Back Sunday,Twenty
Cute Without The E - Cut From The Team,Taking Back Sunday,Punk Goes Acoustic
The Last Song I Will Ever Write About A Girl,The Ataris,"Blue Skies, Broken Hearts...Next 12 Exits"
Hello It's Me,Todd Rundgren,Something / Anything?
I Saw the Light,Todd Rundgren,Something / Anything?
Money Trees,Kendrick Lamar,"good kid, m.A.A.d city"
"Bitch, Don’t Kill My Vibe",Kendrick Lamar,"good kid, m.A.A.d city"
family ties (with Kendrick Lamar),Baby Keem,The Melodic Blue
N95,Kendrick Lamar,Mr. Morale & The Big Steppers
Rich Spirit,Kendrick Lamar,Mr. Morale & The Big Steppers
Swimming Pools (Drank),Kendrick Lamar,Swimming Pools (Drank)
King Kunta,Kendrick Lamar,To Pimp A Butterfly
Collard Greens,ScHoolboy Q,Oxymoron (Deluxe)
Sidewalks,The Weeknd,Starboy
HiiiPower,Kendrick Lamar,Section.80
m.A.A.d city,Kendrick Lamar,"good kid, m.A.A.d city"
Lapdance,N.E.R.D,In Search Of...
Things Are Getting Better,N.E.R.D,In Search Of...
Rockstar,N.E.R.D,In Search Of...
Stay Together,N.E.R.D,In Search Of...
Tonight (feat. Ezra Koenig),Phoenix,Tonight (feat. Ezra Koenig)
Seven Nation Army,The White Stripes,Elephant
Blue Orchid,The White Stripes,Get Behind Me Satan
Icky Thump,The White Stripes,Icky Thump
Dead Leaves and the Dirty Ground,The White Stripes,White Blood Cells
Hello Operator,The White Stripes,De Stijl
Ball and Biscuit,The White Stripes,Elephant
Jimmy the Exploder,The White Stripes,The White Stripes
The Remedy (I Won't Worry),Jason Mraz,Waiting for My Rocket to Come
Butter,BTS,"Butter (Hotter, Sweeter, Cooler)"
Tool,Baboon,Get It Through Your Thick Skull
Baby Come Back,Player,The Best Of Player: Baby Come Back
Steal Away - Remastered,Robbie Dupree,Robbie Dupree
Hey Nineteen,Steely Dan,Gaucho
"Ain't No Way [Feat. 6LACK, Rico Nasty, J.I.D, Jasiah, Kitty Ca$h]",Denzel Curry,Melt My Eyez See Your Future
Walkin,Denzel Curry,Melt My Eyez See Your Future
Government Center,The Modern Lovers,The Modern Lovers (Expanded Version)
The Great Escape,We Are Scientists,With Love And Squalor
Girl from Mars - 2022 Remaster,Ash,1977 (2022 Remaster)
Kung Fu - 2022 Remaster,Ash,1977 (2022 Remaster)
Wish You Were Here,Incubus,Morning View
Are You In?,Incubus,Morning View
Nice to Know You,Incubus,Morning View
Warning,Incubus,Morning View
Surround Sound (feat. 21 Savage & Baby Tate),JID,The Forever Story (Extended Version)
The House That Heaven Built,Japandroids,Celebration Rock
Phantom Limb,The Shins,Wincing The Night Away
Popular,Nada Surf,High/Low
Where It's At,Beck,Odelay (Deluxe Edition)
Novocaine For The Soul,Eels,Beautiful Freak
Seether,Veruca Salt,American Thighs
Sugar Kane,Sonic Youth,Dirty
Tonight (feat. Ezra Koenig),Phoenix,Alpha Zulu
Girl From Mars,Ash,1977
Plastic Cough,Great Grandpa,Plastic Cough
Widow's Weeds,Silversun Pickups,Widow's Weeds
ROJI (Roshomon Effect),Pinback,ROJI (Roshomon Effect)
Clutch,Clutch,Clutch
Funeral,Arcade Fire,Funeral
Blanket Warm,Lullaby For The Working Class,Blanket Warm
Cardinal (Expanded Edition),Pinegrove,Cardinal (Expanded Edition)
"Bachelor No. 2 (Or, The Last Remains of the Dodo)",Aimee Mann,"Bachelor No. 2 (Or, The Last Remains of the Dodo)"
Die Cut,Cut Chemist,Die Cut
Thank You Very Cool,Nick Kroll,Thank You Very Cool
Dead Man's Bones,Dead Man's Bones,Dead Man's Bones
The Sun as It Comes,The Lonely Wild,The Sun as It Comes
We Have The Facts And We're Voting Yes,Death Cab for Cutie,We Have The Facts And We're Voting Yes
Pinback,Pinback,Pinback
The Lonely Wild,,
Right Behind You (Mafia),Our Lady Peace,Spiritual Machines
In Repair,Our Lady Peace,Spiritual Machines
Life,Our Lady Peace,Spiritual Machines
Middle of Yesterday,Our Lady Peace,Spiritual Machines
Made to Heal,Our Lady Peace,Spiritual Machines
Don't Panic,Coldplay,Parachutes
Shiver,Coldplay,Parachutes
Sparks,Coldplay,Parachutes
Trouble,Coldplay,Parachutes
Sandusky,Uncle Tupelo,"March 16-20, 1992"
Windfall - 2015 Remaster,Son Volt,Trace (Remastered)
Wagon Wheel,Old Crow Medicine Show,O.C.M.S.
Jacksonville Skyline,Whiskeytown,Pneumonia
Moonshiner,Uncle Tupelo,Uncle Tupelo 89/93: An Anthology
Come Pick Me Up,Ryan Adams,Heartbreaker
When The Stars Go Blue,Ryan Adams,Gold
Doreen,Old 97's,Hit By A Train: The Best Of Old 97's
Victoria,Old 97's,Hit By A Train: The Best Of Old 97's
Timebomb,Old 97's,Hit By A Train: The Best Of Old 97's
Jagged,Old 97's,Hit By A Train: The Best Of Old 97's
Lonely Holiday,Old 97's,Hit By A Train: The Best Of Old 97's
Murder (Or a Heart Attack),Old 97's,Hit By A Train: The Best Of Old 97's
Valentine,Old 97's,Hit By A Train: The Best Of Old 97's
Barrier Reef,Old 97's,Too Far To Care